backend,quantization,n,mean_ms,median_ms,std_ms,min_ms,max_ms,p90,p95,p99
transformers-gpu,fp32,270,107.03559629629227,95.67934999972749,29.622237834567855,88.21880000004967,242.990600000212,139.69063999993523,182.5971899998649,228.88930499981146
transformers-gpu-compile,fp32,270,121.99557111110626,106.67059999991578,36.66596163029343,96.16370000003371,286.90770000002885,177.9606300001433,223.56394000009914,249.22745299982583
