{ "test_name": "comprehensive_baseline", "runs": 3, "samples_per_run": 20, "timing_stats": { "overall_mean_ms": 15.511225000288201, "overall_stdev_ms": 0.056117264772727195, "run_results": [ { "samples": 20, "p50_ms": 15.464599999177153, "p95_ms": 15.751300001284108, "p99_ms": 15.751300001284108, "mean_ms": 15.502165000179957, "stdev_ms": 0.1637624598578951 }, { "samples": 20, "p50_ms": 15.466300001207856, "p95_ms": 15.655499999411404, "p99_ms": 15.655499999411404, "mean_ms": 15.447475000291888, "stdev_ms": 0.13892949647205433 }, { "samples": 20, "p50_ms": 15.61789999868779, "p95_ms": 15.902200000709854, "p99_ms": 15.902200000709854, "mean_ms": 15.58403500039276, "stdev_ms": 0.17527936060121274 } ], "latency_percentiles": { "p50": 15.502165000179957, "p95": 15.58403500039276, "p99": 15.58403500039276 }, "cv_percent": 0.3617848672279883, "outliers_detected": 0 }, "environment": { "python_version": "3.13.1", "os": "Windows", "os_version": "10.0.26100", "cuda_available": true, "torch_version": "2.8.0.dev20250327+cu128", "torch_cuda_version": "12.8", "gpu_name": "NVIDIA GeForce RTX 4080 Laptop GPU", "gpu_count": 1, "nvidia_driver": "581.29" }, "confidence_interval_95": [ 15.421284493734731, 15.60116550684167 ], "coefficient_of_variation": 0.3617848672279883, "outliers_detected": 0, "timestamp": 1759186313.0065467
}