{ "test_name": "demo_baseline", "runs": 3, "samples_per_run": 10, "timing_stats": { "overall_mean_ms": 0.09073000037460588, "overall_stdev_ms": 0.028442465799499852, "run_results": [ { "samples": 10, "p50_ms": 0.07294999886653386, "p95_ms": 0.07609999738633633, "p99_ms": 0.07609999738633633, "mean_ms": 0.07316999981412664, "stdev_ms": 0.0014683661341391445 }, { "samples": 10, "p50_ms": 0.12960000458406284, "p95_ms": 0.14479999663308263, "p99_ms": 0.14479999663308263, "mean_ms": 0.1308500002778601, "stdev_ms": 0.005793832093566647 }, { "samples": 10, "p50_ms": 0.067299999500392, "p95_ms": 0.07580000237794593, "p99_ms": 0.07580000237794593, "mean_ms": 0.0681700010318309, "stdev_ms": 0.005143356278651299 } ], "latency_percentiles": { "p50": 0.07316999981412664, "p95": 0.1308500002778601, "p99": 0.1308500002778601 }, "cv_percent": 31.348468733678658, "outliers_detected": 0 }, "environment": { "python_version": "3.13.1", "os": "Windows", "os_version": "10.0.26100", "cuda_available": true, "torch_version": "2.8.0.dev20250327+cu128", "torch_cuda_version": "12.8", "gpu_name": "NVIDIA GeForce RTX 4080 Laptop GPU", "gpu_count": 1, "nvidia_driver": "581.29" }, "confidence_interval_95": [ 0.04514456794134178, 0.13631543280786998 ], "coefficient_of_variation": 31.348468733678658, "outliers_detected": 0, "timestamp": 1759197059.960814
}