{ "test_name": "demo_baseline", "runs": 3, "samples_per_run": 10, "timing_stats": { "overall_mean_ms": 0.07278666659355319, "overall_stdev_ms": 0.0005585898898305815, "run_results": [ { "samples": 10, "p50_ms": 0.07209999967017211, "p95_ms": 0.08659999730298296, "p99_ms": 0.08659999730298296, "mean_ms": 0.07351000058406498, "stdev_ms": 0.007046623050546595 }, { "samples": 10, "p50_ms": 0.06675000076938886, "p95_ms": 0.08339999840245582, "p99_ms": 0.08339999840245582, "mean_ms": 0.0721499996870989, "stdev_ms": 0.007979504684926069 }, { "samples": 10, "p50_ms": 0.07100000038917642, "p95_ms": 0.085299998318078, "p99_ms": 0.085299998318078, "mean_ms": 0.07269999950949568, "stdev_ms": 0.007257823306933402 } ], "latency_percentiles": { "p50": 0.07269999950949568, "p95": 0.07351000058406498, "p99": 0.07351000058406498 }, "cv_percent": 0.7674343612268905, "outliers_detected": 0 }, "environment": { "python_version": "3.13.1", "os": "Windows", "os_version": "10.0.26100", "cuda_available": true, "torch_version": "2.8.0.dev20250327+cu128", "torch_cuda_version": "12.8", "gpu_name": "NVIDIA GeForce RTX 4080 Laptop GPU", "gpu_count": 1, "nvidia_driver": "581.29" }, "confidence_interval_95": [ 0.07189140097698263, 0.07368193221012376 ], "coefficient_of_variation": 0.7674343612268905, "outliers_detected": 0, "timestamp": 1759181419.392261
}