{ "test_name": "demo_baseline", "runs": 3, "samples_per_run": 10, "timing_stats": { "overall_mean_ms": 0.07328999915140837, "overall_stdev_ms": 0.001042976338281181, "run_results": [ { "samples": 10, "p50_ms": 0.07119999827409629, "p95_ms": 0.0870000003487803, "p99_ms": 0.0870000003487803, "mean_ms": 0.07361999887507409, "stdev_ms": 0.007867121983218968 }, { "samples": 10, "p50_ms": 0.0700999989931006, "p95_ms": 0.081900001532631, "p99_ms": 0.081900001532631, "mean_ms": 0.07187999945017509, "stdev_ms": 0.007247869620760907 }, { "samples": 10, "p50_ms": 0.07439999899361283, "p95_ms": 0.07840000034775585, "p99_ms": 0.07840000034775585, "mean_ms": 0.0743699991289759, "stdev_ms": 0.001764115203307405 } ], "latency_percentiles": { "p50": 0.07361999887507409, "p95": 0.0743699991289759, "p99": 0.0743699991289759 }, "cv_percent": 1.4230813894901495, "outliers_detected": 0 }, "environment": { "python_version": "3.13.1", "os": "Windows", "os_version": "10.0.26100", "cuda_available": true, "torch_version": "2.8.0.dev20250327+cu128", "torch_cuda_version": "12.8", "gpu_name": "NVIDIA GeForce RTX 4080 Laptop GPU", "gpu_count": 1, "nvidia_driver": "581.29" }, "confidence_interval_95": [ 0.07161839558041819, 0.07496160272239855 ], "coefficient_of_variation": 1.4230813894901495, "outliers_detected": 0, "timestamp": 1759186698.597169
}