backend,quantization,n,mean_ms,median_ms,std_ms,min_ms,max_ms,p90,p95,p99
transformers-gpu,fp32,270,99.3946697555455,97.54447299974345,7.733178107852324,89.89425500021753,154.11369600042235,107.18460929965659,111.05662354989363,132.7453431301001
transformers-gpu-compile,fp32,270,106.69391881109631,105.40401099979135,6.562173580439872,95.66270300001634,151.4423069993427,112.09280010025394,116.86877589982029,132.43547360047165
