{
  "demo_timestamp": "2025-10-04T14:32:44.423558",
  "cycles_completed": 5,
  "anomalies_detected": 7,
  "actions_taken": 5,
  "success_rate": 0.15000000000000002,
  "learning_efficiency": 0.7999999999999999,
  "total_improvement": 175.82682360850401,
  "patterns_discovered": [],
  "strategies_learned": []
}