backend,quantization,n,mean_ms,median_ms,std_ms,min_ms,max_ms,p90,p95,p99
transformers-gpu,fp32,270,101.22123168518927,98.32331500001601,9.906259383466582,90.49489599965456,164.68972100028623,111.77799060069447,121.85568175041224,142.79331438036027
transformers-gpu-compile,fp32,270,107.04000733706346,105.53031650033518,7.603332106850346,95.84177600027031,157.64512999976432,113.9992245999565,118.82544325030722,141.5264647293043
