backend,quantization,n,mean_ms,median_ms,std_ms,min_ms,max_ms,p90,p95,p99
transformers-gpu,fp32,270,97.72108538518802,96.11690049996469,6.760836107837713,87.17977200012683,149.50719299986304,103.29142559999127,108.93989004998727,123.88555021992943
transformers-gpu-compile,fp32,270,107.85801103703407,106.0106834997896,9.778575485825273,92.33715199979996,198.8373480003247,116.65528899989114,121.95435969970275,145.36692349999618
