{ "attention": { "torch": { "mean_time_ms": 24.615689999973256, "std_time_ms": 73.15750952948925, "min_time_ms": 0.1674999994065729, "max_time_ms": 244.087899999613 } }, "tensor_core": { "512x512x512": { "mean_time_ms": 16.698279999855004, "std_time_ms": 49.97447881255047, "min_time_ms": 0.027799999770650174, "max_time_ms": 166.62169999926846 } }, "fusion": { "baseline_linear_gelu": { "mean_time_ms": 0.7616200001393736, "std_time_ms": 2.053579003680834, "min_time_ms": 0.041900000724126585, "max_time_ms": 6.9188000006761285 }, "fused_linear_gelu": { "mean_time_ms": 0.04947000006723101, "std_time_ms": 0.009739512262386181, "min_time_ms": 0.03949999972974183, "max_time_ms": 0.07199999981821747 } }
}