backend,scenario,n_total,n_ok,n_degraded,degraded_rate,throughput_mean_tok_s,throughput_median_tok_s,ttft_mean_ms,ttft_median_ms,warmup_mean_latency_ms,warmup_median_latency_ms,mean,median,std,min,max,q25,q75,ci_lower,ci_upper,n
onnxruntime-gpu,single_short,3,3,0,0.0,7155.620643301812,7208.365294574944,,,43.1643666694678,17.43720000376925,17.909533330869937,17.757149995304644,0.38490516948115955,17.624150001211092,18.34729999609408,17.690649998257868,18.052224995699362,16.953375883925986,18.86569077781389,3
tensorrt-fp16,single_short,3,3,0,0.0,28687.830258895134,28554.219332898705,,,8.05420000203109,8.040200002142228,4.5052166654689545,4.488449998461874,0.4011628717778634,4.112700000405312,4.914499997539679,4.300574999433593,4.701474998000776,3.5086728471438513,5.501760483794058,3
transformers-gpu-compile,single_short,3,3,0,0.0,5788.43160259118,6806.296231556591,,,671.7356999991656,18.976500003191177,63.22676666726087,18.806850002874853,77.27299000229749,18.41979999881005,152.4536500000977,18.61332500084245,85.63025000148627,-128.72998189477374,255.1835152292955,3
