{
  "runs": [
    {
      "run_number": 1,
      "baseline_throughput": 105.93748220767407,
      "chimera_throughput": 102.54010191280939,
      "throughput_delta": -3.397380294864675,
      "baseline_ttft_ms": 9082.968400000002,
      "chimera_ttft_ms": 16138.572199999999,
      "ttft_delta_ms": -7055.603799999997,
      "baseline_duration": 41.655051,
      "chimera_duration": 55.424305,
      "concurrent_wall_time": 55.67886781692505,
      "sequential_estimated_time": 97.07935599999999,
      "concurrency_speedup": 1.7435583697427515,
      "gpu_memory_peak": null,
      "resource_contention_detected": false
    }
  ],
  "aggregate": {
    "average_throughput_delta": -3.397380294864675,
    "average_ttft_delta_ms": -7055.603799999997,
    "baseline_throughput": 105.93748220767407,
    "chimera_throughput": 102.54010191280939,
    "average_concurrency_speedup": 1.7435583697427515,
    "average_wall_time": 55.67886781692505,
    "average_efficiency": 87.17791848713757,
    "contention_detected_runs": 0
  },
  "scenario": "baseline_vs_chimera",
  "chimera_overrides": {
    "num_gpu": 60,
    "num_ctx": 512,
    "temperature": 0.8
  },
  "chimera_overrides_agent2": {},
  "generated_at": "2025-10-09T19:24:36.264984"
}