backend,quantization,n,mean_ms,median_ms,std_ms,min_ms,max_ms,p90,p95,p99
transformers-gpu,fp32,270,2.4932848148300426,1.9810000001143635,1.0879941118410272,1.4415000000553846,5.341600000065228,4.507089999924574,4.9041450000459,5.234540000005836
transformers-gpu-compile,fp32,270,3.9032014814690936,3.780900000037945,0.6523269209167284,3.151899999920716,8.421800000178337,4.205669999873862,4.441154999881292,8.031784000090738
