backend,quantization,n,mean_ms,median_ms,std_ms,min_ms,max_ms,p90,p95,p99
transformers-gpu,fp32,270,99.12214495926109,96.8244825000113,7.911232809399631,91.9221749999224,153.18660200000522,106.36928249997483,113.561036149963,131.1936806199509
transformers-gpu-compile,fp32,270,107.9482752259278,105.21525300003987,8.688688422009362,100.34170699998413,165.90136399997846,114.87653640000417,122.8713255500395,149.9573574400091
