{
  "rows": [
    {
      "backend": "transformers-gpu",
      "scenario": "single_short",
      "throughput_mean_tok_s": 1214.7126370169663,
      "gpu_power_mean_watts": 30.478333333333335,
      "latency_mean_ms": 9.055649999936577,
      "gpu_memory_mean_mb": 1101.3528645833333,
      "gpu_hours_per_1m_tokens": 0.22867777062065583,
      "energy_j_per_token": 0.276001119248067,
      "energy_kwh_per_1m_tokens": 0.07666697756890749,
      "infra_cost_usd_per_1m_tokens_on_demand": 0.22867777062065583,
      "energy_cost_usd_per_1m_tokens": 0.015333395513781498,
      "total_cost_usd_per_1m_tokens_on_demand": 0.24401116613443732,
      "total_cost_usd_per_1m_tokens_spot": 0.08393672669997825,
      "total_cost_usd_per_1m_tokens_reserved": 0.17540783494824055,
      "cost_per_hour_usd_on_demand": 1.0670524094762908,
      "cost_per_hour_usd_spot": 0.3670524094762907,
      "cost_per_hour_usd_reserved": 0.7670524094762906,
      "tokens_per_dollar_on_demand": 4098173.11167249,
      "tokens_per_dollar_spot": 11913735.968932645,
      "tokens_per_dollar_reserved": 5700999.617805445,
      "memory_efficiency_tokens_per_mb": 1.102927750114419,
      "compute_efficiency_tokens_per_ms": 134.13864681447205,
      "carbon_gco2e_per_1m_tokens": 38.33348878445374
    },
    {
      "backend": "transformers-gpu-compile",
      "scenario": "single_short",
      "throughput_mean_tok_s": 1090.7179285836169,
      "gpu_power_mean_watts": 25.0605,
      "latency_mean_ms": 10.104199999886987,
      "gpu_memory_mean_mb": 604.8430989583334,
      "gpu_hours_per_1m_tokens": 0.2546742567425238,
      "energy_j_per_token": 0.25321630409716783,
      "energy_kwh_per_1m_tokens": 0.07033786224921329,
      "infra_cost_usd_per_1m_tokens_on_demand": 0.2546742567425238,
      "energy_cost_usd_per_1m_tokens": 0.014067572449842658,
      "total_cost_usd_per_1m_tokens_on_demand": 0.26874182919236644,
      "total_cost_usd_per_1m_tokens_spot": 0.0904698494725998,
      "total_cost_usd_per_1m_tokens_reserved": 0.19233955216960932,
      "cost_per_hour_usd_on_demand": 1.0552375125376923,
      "cost_per_hour_usd_spot": 0.35523751253769237,
      "cost_per_hour_usd_reserved": 0.7552375125376924,
      "tokens_per_dollar_on_demand": 3721043.3634586753,
      "tokens_per_dollar_spot": 11053406.254454592,
      "tokens_per_dollar_reserved": 5199138.652034385,
      "memory_efficiency_tokens_per_mb": 1.8033072220912527,
      "compute_efficiency_tokens_per_ms": 107.94698527303659,
      "carbon_gco2e_per_1m_tokens": 35.168931124606644
    }
  ]
}