backend,scenario,n_total,n_degraded,degraded_rate,throughput_mean_tok_s,throughput_median_tok_s,gpu_power_mean_watts,gpu_memory_mean_mb,gpu_temperature_mean_c,cpu_power_mean_watts,mean,median,std,min,max,q25,q75,ci_lower,ci_upper,n
transformers-gpu,single_short,1,0,0.0,1214.7126370169663,1214.7126370169663,30.478333333333335,1101.3528645833333,47.0,,9.055649999936577,9.055649999936577,,9.055649999936577,9.055649999936577,9.055649999936577,9.055649999936577,,,1
transformers-gpu-compile,single_short,1,0,0.0,1090.7179285836169,1090.7179285836169,25.0605,604.8430989583334,46.666666666666664,,10.104199999886987,10.104199999886987,,10.104199999886987,10.104199999886987,10.104199999886987,10.104199999886987,,,1
