{
  "run_dir": "/workspace/research/tr126/results/phase2/20260222_214114",
  "cross_phase_validation": {
    "validated": false,
    "detail": "environment.json missing",
    "phase1_dir": "/workspace/research/tr126/results/phase1/20260222_195522"
  },
  "prefill": {
    "mode": "prefill",
    "n_total": 3240,
    "by_backend": {
      "transformers-gpu": {
        "n": 1620,
        "mean_ms": 11.870273645686042,
        "median_ms": 10.340202500628948,
        "std_ms": 9.18704632196419,
        "min_ms": 1.6566670001338937,
        "max_ms": 45.391969000775134,
        "ci_lower": 11.422569324897344,
        "ci_upper": 12.317977966474741,
        "p90": 25.178730700645247,
        "p95": 25.69101010049053,
        "p99": 28.48367793014404
      },
      "transformers-gpu-compile": {
        "n": 1620,
        "mean_ms": 7.117044782694673,
        "median_ms": 6.631983500483329,
        "std_ms": 6.731843264119069,
        "min_ms": 0.584340999921551,
        "max_ms": 32.356760999391554,
        "ci_lower": 6.788987732518176,
        "ci_upper": 7.4451018328711704,
        "p90": 19.422975200541256,
        "p95": 19.910588500533777,
        "p99": 20.588047599412675
      }
    },
    "by_scenario_backend": {
      "single_long/transformers-gpu": {
        "n": 360,
        "mean_ms": 11.807292436131117,
        "median_ms": 10.197768499892845,
        "std_ms": 9.09442570706961,
        "min_ms": 1.6628739995212527,
        "max_ms": 27.544438000404625,
        "ci_lower": 10.864667932265696,
        "ci_upper": 12.749916939996538,
        "p90": 25.20359739974083,
        "p95": 25.53541845081781,
        "p99": 26.36325338988173
      },
      "single_long/transformers-gpu-compile": {
        "n": 360,
        "mean_ms": 7.052342430511595,
        "median_ms": 4.74599799963471,
        "std_ms": 6.696403498622163,
        "min_ms": 0.615930001004017,
        "max_ms": 21.01608000157285,
        "ci_lower": 6.358269574359221,
        "ci_upper": 7.746415286663969,
        "p90": 19.58611180125445,
        "p95": 19.71997390000979,
        "p99": 20.01531215981231
      },
      "single_medium/transformers-gpu": {
        "n": 360,
        "mean_ms": 12.06105773058981,
        "median_ms": 9.746000999257376,
        "std_ms": 9.47758791495064,
        "min_ms": 1.6566670001338937,
        "max_ms": 30.44956499979889,
        "ci_lower": 11.078718999819104,
        "ci_upper": 13.043396461360517,
        "p90": 25.462123400575365,
        "p95": 26.00702814897886,
        "p99": 28.65271611037316
      },
      "single_medium/transformers-gpu-compile": {
        "n": 360,
        "mean_ms": 7.002507497241418,
        "median_ms": 4.61651950081432,
        "std_ms": 6.8203331756685746,
        "min_ms": 0.584340999921551,
        "max_ms": 22.356846999173285,
        "ci_lower": 6.295589503407698,
        "ci_upper": 7.709425491075138,
        "p90": 19.911870000578347,
        "p95": 20.023680901067564,
        "p99": 20.280530820346033
      },
      "single_micro/transformers-gpu": {
        "n": 360,
        "mean_ms": 11.359291902777436,
        "median_ms": 9.781392999684613,
        "std_ms": 8.672619401308172,
        "min_ms": 1.6950450008152984,
        "max_ms": 37.828859998626285,
        "ci_lower": 10.460387032509836,
        "ci_upper": 12.258196773045036,
        "p90": 23.789896700327517,
        "p95": 24.165101000744475,
        "p99": 25.43517231049919
      },
      "single_micro/transformers-gpu-compile": {
        "n": 360,
        "mean_ms": 7.440443583345768,
        "median_ms": 6.690567499390454,
        "std_ms": 6.725548914034887,
        "min_ms": 0.9314669987361412,
        "max_ms": 32.356760999391554,
        "ci_lower": 6.743349845652516,
        "ci_upper": 8.137537321039021,
        "p90": 18.23041940024268,
        "p95": 18.367929800024285,
        "p99": 32.211427179972816
      },
      "single_short/transformers-gpu": {
        "n": 360,
        "mean_ms": 12.16190034170318,
        "median_ms": 10.453404000145383,
        "std_ms": 9.469751076326478,
        "min_ms": 1.8334409996896284,
        "max_ms": 45.391969000775134,
        "ci_lower": 11.180373888294223,
        "ci_upper": 13.143426795112138,
        "p90": 25.427691201002744,
        "p95": 27.489922649237993,
        "p99": 30.242001539227232
      },
      "single_short/transformers-gpu-compile": {
        "n": 360,
        "mean_ms": 6.790247961048913,
        "median_ms": 4.58465900101146,
        "std_ms": 6.516572055536881,
        "min_ms": 0.5951389994152123,
        "max_ms": 20.38855099999637,
        "ci_lower": 6.114814382436174,
        "ci_upper": 7.465681539661652,
        "p90": 18.882391599072434,
        "p95": 19.2819887004589,
        "p99": 19.593324480829327
      },
      "stress_single/transformers-gpu": {
        "n": 180,
        "mean_ms": 12.053377988771294,
        "median_ms": 10.676187500394008,
        "std_ms": 9.265251824768418,
        "min_ms": 1.7386829986207886,
        "max_ms": 28.05786099997931,
        "ci_lower": 10.69063082457797,
        "ci_upper": 13.416125152964616,
        "p90": 25.111723399095354,
        "p95": 26.235400349469273,
        "p99": 27.605395381069684
      },
      "stress_single/transformers-gpu-compile": {
        "n": 180,
        "mean_ms": 7.482320099956673,
        "median_ms": 4.838778999328497,
        "std_ms": 7.083459907201169,
        "min_ms": 0.7829549995221896,
        "max_ms": 21.153138999579824,
        "ci_lower": 6.440474170263687,
        "ci_upper": 8.52416602964966,
        "p90": 20.469424400835123,
        "p95": 20.579736049785424,
        "p99": 20.877402889200308
      }
    },
    "by_model_backend": {
      "models/gpt2-100m:fp32/transformers-gpu": {
        "n": 270,
        "mean_ms": 3.924590362934126,
        "median_ms": 3.8890629994057235,
        "std_ms": 0.13492014537552863,
        "min_ms": 3.7708820000261767,
        "max_ms": 5.053793000115547,
        "ci_lower": 3.9084244079066646,
        "ci_upper": 3.9407563179615877,
        "p90": 4.0901038993979455,
        "p95": 4.131904349287652,
        "p99": 4.427826249484497
      },
      "models/gpt2-100m:fp32/transformers-gpu-compile": {
        "n": 270,
        "mean_ms": 2.9472235147935595,
        "median_ms": 2.4814160005917074,
        "std_ms": 4.231215753500262,
        "min_ms": 1.5577249996567843,
        "max_ms": 32.356760999391554,
        "ci_lower": 2.4402447875457765,
        "ci_upper": 3.4542022420413425,
        "p90": 2.565074700578407,
        "p95": 2.606885649402102,
        "p99": 32.244943979549134
      },
      "models/gpt2-25m:fp32/transformers-gpu": {
        "n": 270,
        "mean_ms": 1.8127217148099186,
        "median_ms": 1.773706999301794,
        "std_ms": 0.13334774714010764,
        "min_ms": 1.6566670001338937,
        "max_ms": 2.988574999108096,
        "ci_lower": 1.796744162478647,
        "ci_upper": 1.8286992671411901,
        "p90": 1.954858399221848,
        "p95": 1.9887904497409181,
        "p99": 2.175101400262066
      },
      "models/gpt2-25m:fp32/transformers-gpu-compile": {
        "n": 270,
        "mean_ms": 0.7256122184992785,
        "median_ms": 0.6464589996539871,
        "std_ms": 0.14019803994719224,
        "min_ms": 0.584340999921551,
        "max_ms": 1.030224000714952,
        "ci_lower": 0.7088138730600835,
        "ci_upper": 0.7424105639384735,
        "p90": 0.9526512003503739,
        "p95": 0.9616223504963273,
        "p99": 1.0166725098679308
      },
      "models/gpt2-50m:fp32/transformers-gpu": {
        "n": 270,
        "mean_ms": 3.885371370334825,
        "median_ms": 3.8308405000861967,
        "std_ms": 0.2707678774397593,
        "min_ms": 3.5910269998566946,
        "max_ms": 5.634414001178811,
        "ci_lower": 3.8529283180583174,
        "ci_upper": 3.917814422611333,
        "p90": 3.9919700002428726,
        "p95": 4.729371749544951,
        "p99": 4.893237051437609
      },