backend,batch_size,mode,n_models,spearman_rho_loglog_params,spearman_p_loglog_params,spearman_rho_n_layer_vs_log_latency,spearman_p_n_layer_vs_log_latency,spearman_rho_n_embd_vs_log_latency,spearman_p_n_embd_vs_log_latency
hf_gpu_fp16_bs1,1,e2e_kv,7,0.3571428571428572,0.4316113520383278,0.8468812149338255,0.016197127467871632,0.36369648372665403,0.4225815075749929
hf_gpu_fp16_bs1,1,kv_decode,7,0.3571428571428572,0.4316113520383278,0.8468812149338255,0.016197127467871632,0.36369648372665403,0.4225815075749929
hf_gpu_fp16_bs1,1,prefill,7,0.14285714285714288,0.7599453002180929,0.6666937223947136,0.10192046024618229,0.21821789023599242,0.638298871640929
hf_gpu_fp16_bs8,8,e2e_kv,7,0.28571428571428575,0.5345092286010406,0.991031208965115,1.4561252916128956e-05,0.21821789023599242,0.638298871640929
hf_gpu_fp16_bs8,8,kv_decode,7,0.28571428571428575,0.5345092286010406,0.991031208965115,1.4561252916128956e-05,0.21821789023599242,0.638298871640929
hf_gpu_fp16_bs8,8,prefill,7,0.3571428571428572,0.4316113520383278,0.991031208965115,1.4561252916128956e-05,0.2909571869813232,0.526695193239918
