backend,batch_size,mode,n_models,spearman_rho_loglog_params,spearman_p_loglog_params,spearman_rho_n_layer_vs_log_latency,spearman_p_n_layer_vs_log_latency,spearman_rho_n_embd_vs_log_latency,spearman_p_n_embd_vs_log_latency
hf_gpu_fp16,1,e2e_kv,7,0.28571428571428575,0.5345092286010406,0.991031208965115,1.4561252916128956e-05,0.21821789023599242,0.638298871640929
hf_gpu_fp16,1,kv_decode,7,0.28571428571428575,0.5345092286010406,0.991031208965115,1.4561252916128956e-05,0.21821789023599242,0.638298871640929
hf_gpu_fp16,1,prefill,7,0.3571428571428572,0.4316113520383278,0.9189562119494703,0.003436626156217532,0.2909571869813232,0.526695193239918
