backend,quantization,n,mean_ms,median_ms,std_ms,min_ms,max_ms,p90,p95,p99
transformers-gpu,fp32,270,101.14459552592547,97.90811600001348,11.855505642501551,83.85633700001449,147.76542300000983,117.95902159998946,125.7728236999853,142.84476216999963
transformers-gpu-compile,fp32,270,109.32076498518694,106.74455350002177,11.565041499782303,91.6286380000031,161.1501540000404,124.03567599995426,134.23635700004579,149.60348246002383
