backend,scenario,n_total,n_ok,n_degraded,degraded_rate,throughput_mean_tok_s,throughput_median_tok_s,ttft_mean_ms,ttft_median_ms,warmup_mean_latency_ms,warmup_median_latency_ms,mean,median,std,min,max,q25,q75,ci_lower,ci_upper,n
onnxruntime-gpu,single_short,3,3,0,0.0,9792.922597290986,8798.348859697342,,,39.45066666589506,17.75639999686973,14.101333332898017,15.068349999637576,4.081075137743602,9.623599999031285,17.612050000025192,12.34597499933443,16.340199999831384,3.9633806788680968,24.23928598692794,3
tensorrt-fp16,single_short,3,3,0,0.0,30039.33331632489,29912.205512924884,,,9.1334333337727,7.622800003446173,4.288099998423907,4.280450000806013,0.26990632078408633,4.022099998110207,4.561749996355502,4.15127499945811,4.4210999985807575,3.617615528332685,4.958584468515129,3
transformers-gpu-compile,single_short,3,3,0,0.0,5804.856112768274,6790.990970729417,,,664.0244333345132,18.348400000832044,65.03258333274668,18.848599996999837,80.48458472681695,18.281550001120195,157.96760000012,18.565074999060016,88.40809999855992,-134.90220879922623,264.9673754647196,3
