backend,scenario,n_total,n_ok,n_degraded,degraded_rate,throughput_mean_tok_s,throughput_median_tok_s,ttft_mean_ms,ttft_median_ms,warmup_mean_latency_ms,warmup_median_latency_ms,mean,median,std,min,max,q25,q75,ci_lower,ci_upper,n
onnxruntime-gpu,single_short,1,1,0,0.0,500.9387648708592,500.9387648708592,,,199.1846999999325,199.1846999999325,21.959100000003673,21.959100000003673,,21.959100000003673,21.959100000003673,21.959100000003673,21.959100000003673,,,1
tensorrt-fp16,single_short,1,1,0,0.0,6608.463469952362,6608.463469952362,,,15.89479999984178,15.89479999984178,1.6762499999458669,1.6762499999458669,,1.6762499999458669,1.6762499999458669,1.6762499999458669,1.6762499999458669,,,1
transformers-gpu-compile,single_short,1,1,0,0.0,58.56490856567511,58.56490856567511,,,4429.990000000544,4429.990000000544,282.3447000005217,282.3447000005217,,282.3447000005217,282.3447000005217,282.3447000005217,282.3447000005217,,,1
