backend,quantization,n,mean_ms,median_ms,std_ms,min_ms,max_ms,p90,p95,p99
transformers-gpu,fp32,270,100.22166823703257,97.22396000051958,10.779466517279387,86.56276799956686,175.83207099960418,110.74834870032645,120.28781670042005,143.28616119027174
transformers-gpu-compile,fp32,270,108.60919105556671,104.84403700002076,12.42203791506853,92.90144700025849,188.47287299922755,120.91132380010094,134.56035680023885,160.68676380035868
