backend,batch_size,mode,n_models,spearman_rho_loglog_params,spearman_p_loglog_params,spearman_rho_n_layer_vs_log_latency,spearman_p_n_layer_vs_log_latency,spearman_rho_n_embd_vs_log_latency,spearman_p_n_embd_vs_log_latency
hf_cpu_fp32,1,e2e_kv,7,0.8571428571428573,0.01369732661532562,0.5225437283634242,0.22887787757609496,0.854686736757637,0.014273916157474895
hf_cpu_fp32,1,kv_decode,7,0.8571428571428573,0.01369732661532562,0.5225437283634242,0.22887787757609496,0.854686736757637,0.014273916157474895
hf_cpu_fp32,1,prefill,7,0.8571428571428573,0.01369732661532562,0.5225437283634242,0.22887787757609496,0.854686736757637,0.014273916157474895
hf_gpu_fp16,1,e2e_kv,7,0.28571428571428575,0.5345092286010406,0.8108437164260032,0.02691632884316199,0.2909571869813232,0.526695193239918
hf_gpu_fp16,1,kv_decode,7,0.28571428571428575,0.5345092286010406,0.8108437164260032,0.02691632884316199,0.2909571869813232,0.526695193239918
hf_gpu_fp16,1,prefill,7,0.1785714285714286,0.7016579425162729,0.7567874686642697,0.04890509913472626,0.21821789023599242,0.638298871640929
