model,n,gen_tokens_target,a_ms,b_ms_per_token,r2,affine_ms_at_target,gen_tokens_raw_min,gen_tokens_raw_median,gen_tokens_raw_max
gemma3:1b-it-qat,9,64.0,-0.14871444444441315,4.073349444444443,0.9947079936866703,260.54564999999997,34.0,64.0,64.0
gemma3:270m,9,64.0,-0.17680255600665115,1.925187325214255,0.9950548590391062,123.03518625770567,11.0,48.0,64.0
gpt-oss-20b:latest,9,64.0,-396.49480111111103,53.19016277777778,0.944042192385841,3007.675616666667,34.0,64.0,64.0
llama3.1:8b-instruct-q4_0,9,64.0,-12.993869185672283,11.502063670918703,0.9999006706691849,723.1382057531247,10.0,57.0,64.0
qwen2.5:7b,9,64.0,-9.199092546780735,11.326838106565173,0.9998969245983479,715.7185462733903,29.0,35.0,64.0
