model,gen_tokens_target,n,prop_minus_affine_ms_median,prop_minus_affine_ms_p95,prop_minus_affine_ms_min,prop_minus_affine_ms_max
gemma3:1b-it-qat,64.0,9,-0.7306852941176203,5.006910000000026,-9.79544999999996,6.307150000000036
gemma3:270m,64.0,9,-2.096131712251122,6.1936537422943205,-7.496568075887495,7.592147075627651
gpt-oss-20b:latest,64.0,9,-109.01481666666677,226.96916333333297,-544.7600401960785,285.31688333333295
llama3.1:8b-instruct-q4_0,64.0,9,-5.254023296984315,4.441394246875301,-74.67292575312467,5.489594246875299
qwen2.5:7b,64.0,9,-5.562294844818894,1.276113726609672,-15.863760066493796,3.3495537266096562
